{
  "model": "sentence-transformers/all-MiniLM-L6-v2",
  "dimension": 384,
  "notes": {
    "People/Alexandre Alves.md": {
      "embedding": [
        -0.040047090500593185,
        0.08434458076953888,
        -0.017091717571020126,
        0.004999392665922642,
        -0.02013910375535488,
        -0.02366296388208866,
        0.035051245242357254,
        0.004230043385177851,
        0.10586760193109512,
        0.03691776096820831,
        0.007591853849589825,
        -0.06914730370044708,
        -0.007722313515841961,
        -0.03694583475589752,
        -0.09583842754364014,
        0.006808186415582895,
        -0.050139788538217545,
        0.0010258432012051344,
        0.029292168095707893,
        0.029215669259428978,
        -0.037132393568754196,
        -0.03978649899363518,
        0.02196474000811577,
        -0.012662564404308796,
        -0.0035090663004666567,
        -0.02005677856504917,
        0.008765827864408493,
        -0.010993782430887222,
        -0.0448453426361084,
        -0.06311433762311935,
        0.053453925997018814,
        -0.029657745733857155,
        0.008683474734425545,
        0.0006121639162302017,
        -0.07732907682657242,
        -0.015668652951717377,
        0.030807852745056152,
        0.01664010062813759,
        -0.009135403670370579,
        0.07535886764526367,
        0.0003036638954654336,
        -0.10296100378036499,
        -0.06456112861633301,
        0.07206778973340988,
        -0.03884941712021828,
        -0.05450964719057083,
        -0.019022859632968903,
        -0.003629854414612055,
        -0.014705118723213673,
        0.06573191285133362,
        -0.040532827377319336,
        -0.007905915379524231,
        -0.0764642283320427,
        -0.04467237740755081,
        0.05891871079802513,
        -0.03798792511224747,
        0.01618710719048977,
        0.0529777854681015,
        0.039984073489904404,
        0.05127261206507683,
        0.06400557607412338,
        -0.026326995342969894,
        -0.05305187776684761,
        0.028781002387404442,
        -0.008875241503119469,
        0.005370063241571188,
        -0.03655919060111046,
        -0.027970507740974426,
        -0.1273801028728485,
        0.04094675928354263,
        -0.010959606617689133,
        -0.032987046986818314,
        0.019623499363660812,
        -0.04839610308408737,
        0.12535609304904938,
        0.0490543432533741,
        -0.028942648321390152,
        -0.05633676052093506,
        -0.045439209789037704,
        -0.06740440428256989,
        0.04495983570814133,
        -0.0491245798766613,
        -0.0575440339744091,
        -0.032722484320402145,
        0.01850319094955921,
        -0.007421222515404224,
        0.10468721389770508,
        -0.06783200055360794,
        -0.020477738231420517,
        -0.012921685352921486,
        -0.037989381700754166,
        -0.01883266679942608,
        -0.05425874888896942,
        0.024577341973781586,
        -0.023556077852845192,
        0.0021485574543476105,
        0.0622083805501461,
        0.07401906698942184,
        -0.15641559660434723,
        0.10191100090742111,
        -0.006127310451120138,
        0.013225926086306572,
        0.0605517216026783,
        0.053064536303281784,
        -0.03840947896242142,
        0.04857059568166733,
        0.02736387401819229,
        -0.022931735962629318,
        0.01662990264594555,
        -0.03510698303580284,
        -0.07504744827747345,
        0.00911931786686182,
        -0.06866977363824844,
        -0.05702578276395798,
        -0.001945802359841764,
        -0.018018502742052078,
        -0.08433650434017181,
        -0.09975843131542206,
        -0.030476437881588936,
        -0.03774821758270264,
        -0.020012933760881424,
        0.03969576582312584,
        -0.07982170581817627,
        0.06322064250707626,
        -0.03660065308213234,
        0.01087915524840355,
        0.057543445378541946,
        -1.3969728230450649e-33,
        -0.024601077660918236,
        0.045256033539772034,
        0.037760425359010696,
        0.02961070090532303,
        -0.005612013395875692,
        -0.017951490357518196,
        -0.024540742859244347,
        -0.014335176907479763,
        -0.02426621876657009,
        -0.013939674943685532,
        0.0007884513470344245,
        0.0067786709405481815,
        -0.04309071600437164,
        0.05510089918971062,
        0.06282562017440796,
        0.034617144614458084,
        0.05495539307594299,
        -0.03366674855351448,
        0.054401349276304245,
        -0.04404029622673988,
        -0.012141832150518894,
        -0.04050377756357193,
        -0.0485834926366806,
        -0.013870802707970142,
        0.055910930037498474,
        0.008036359213292599,
        0.04541074484586716,
        -0.08295806497335434,
        -0.014632288366556168,
        0.007725930772721767,
        -0.03496497496962547,
        0.04264941066503525,
        -0.050159163773059845,
        -0.0024888059124350548,
        0.05165448784828186,
        0.0324745737016201,
        -0.036348097026348114,
        -0.04335255175828934,
        0.005047784186899662,
        -0.0158416535705328,
        0.017756953835487366,
        -0.0021137811709195375,
        0.06862251460552216,
        0.018756166100502014,
        -0.06771991401910782,
        0.0070650321431458,
        0.0057495576329529285,
        0.03375754505395889,
        0.09972703456878662,
        0.013694006018340588,
        -0.002213838044553995,
        0.01950003206729889,
        -0.026726670563220978,
        -0.017033930867910385,
        -0.011938770301640034,
        0.008902551606297493,
        -0.11908309161663055,
        0.004395971540361643,
        -0.02070264331996441,
        -0.053757600486278534,
        0.05562523752450943,
        0.035793498158454895,
        0.024133693426847458,
        0.08481959998607635,
        -0.10595674067735672,
        -0.02780798450112343,
        -0.0004916309262625873,
        -0.0653107762336731,
        0.06094055250287056,
        -0.044531624764204025,
        -0.09587178379297256,
        0.08126911520957947,
        0.12965431809425354,
        -0.08693996071815491,
        -0.047309983521699905,
        0.04543473199009895,
        -0.015342636965215206,
        0.0022460506297647953,
        -0.07715146243572235,
        0.020566722378134727,
        -0.01325941551476717,
        -0.015076467767357826,
        0.09745512157678604,
        -0.003936797846108675,
        -0.06139587610960007,
        0.038698017597198486,
        0.005470104515552521,
        0.029612816870212555,
        -0.04474513977766037,
        0.12615135312080383,
        -0.0352347269654274,
        -0.01275013666599989,
        -0.027097783982753754,
        -0.10346623510122299,
        -0.017448173835873604,
        -6.279887551436062e-34,
        0.04863695800304413,
        -0.032137759029865265,
        0.07300393283367157,
        -0.04211821034550667,
        0.06814854592084885,
        -0.009507289156317711,
        0.01171848550438881,
        0.05274737998843193,
        -0.05272476747632027,
        -0.056371185928583145,
        0.048228465020656586,
        -0.02919456735253334,
        0.1272965371608734,
        -0.10635215789079666,
        0.01075991615653038,
        0.003173683537170291,
        -0.02181706763803959,
        -0.06752296537160873,
        0.02732434682548046,
        -0.033586304634809494,
        0.061035577207803726,
        0.015171675942838192,
        0.02714589051902294,
        -0.08907774090766907,
        -0.07193396240472794,
        -0.04562992975115776,
        0.11658238619565964,
        0.003011001506820321,
        -0.0891420841217041,
        -0.029858741909265518,
        -0.025391357019543648,
        0.03674687445163727,
        0.0038684920873492956,
        0.050110120326280594,
        0.005475814454257488,
        0.1688850373029709,
        0.006265636999160051,
